ID,FirstName,LastName,Email,Gender,Age
1,Dixie,O'Finan,dofinan0@huffingtonpost.com,Female,91
2,Harmon,Marling,hmarling1@moonfruit.com,Male,38
3,Dallas,Beynon,dbeynon2@rambler.ru,Male,61
4,Carlyle,Lachaize,clachaize3@youtu.be,Male,3
5,Eula,Pimm,epimm4@google.com.hk,Female,54
6,Andrus,Endricci,aendricci5@google.ru,Male,19
7,Charley,Molyneux,cmolyneux6@un.org,Male,60
8,Vidovic,Wasling,vwasling7@oaic.gov.au,Male,38
9,Pavia,De la Harpe,pdelaharpe8@yale.edu,Female,11
10,Jeramie,Borrell,jborrell9@craigslist.org,Male,5
11,Sorcha,Plant,splanta@friendfeed.com,Female,57
12,Allister,Olfert,aolfertb@ehow.com,Male,68
13,Jeane,Everitt,jeverittc@soup.io,Female,76
14,Towny,Gisbye,tgisbyed@salon.com,Male,41
15,Wolfie,Doniso,wdonisoe@typepad.com,Male,2
16,Cassaundra,McGuiney,cmcguineyf@weibo.com,Female,70
17,Lisha,Melbourn,lmelbourng@guardian.co.uk,Female,6
18,Zsa zsa,Shutt,zshutth@cloudflare.com,Female,89
19,Rafferty,Dumingo,rdumingoi@comsenz.com,Male,93
20,Rollins,Skellion,rskellionj@miibeian.gov.cn,Male,3
21,Jens,Mackin,jmackink@washington.edu,Male,47
22,Beverlie,Martinon,bmartinonl@github.io,Female,80
23,Adrienne,Townsend,atownsendm@fc2.com,Female,68
24,Goldi,Padly,gpadlyn@vistaprint.com,Female,38
25,Fabio,Sinderson,fsindersono@livejournal.com,Male,72
26,Lizzie,Birtwistle,lbirtwistlep@yahoo.co.jp,Female,88
27,Andeee,Haibel,ahaibelq@tinypic.com,Female,17
28,Robbi,Bowdery,rbowderyr@princeton.edu,Female,37
29,Tonye,Brideau,tbrideaus@uol.com.br,Female,84
30,Milton,Nunson,mnunsont@goo.ne.jp,Male,7
31,Thomasine,Heffron,theffronu@hugedomains.com,Female,20
32,Mohandas,Cullon,mcullonv@friendfeed.com,Male,15
33,Lewie,Abela,labelaw@360.cn,Male,39
34,Lizzy,Geleman,lgelemanx@indiegogo.com,Female,77
35,Carlina,Slowgrave,cslowgravey@amazon.com,Female,89
36,Alfy,Drugan,adruganz@irs.gov,Male,12
37,Pamela,Cleiment,pcleiment10@networkadvertising.org,Female,31
38,Pepi,Hultberg,phultberg11@berkeley.edu,Female,8
39,Brewer,Mollin,bmollin12@home.pl,Male,23
40,Bertina,Hamlington,bhamlington13@amazon.co.jp,Female,77
41,Waylen,Gatsby,wgatsby14@usda.gov,Male,95
42,Kellen,Tatton,ktatton15@cpanel.net,Male,37
43,Ebony,Ferby,eferby16@opensource.org,Female,77
44,Reamonn,How,rhow17@nationalgeographic.com,Male,47
45,Charita,Gowers,cgowers18@php.net,Female,89
46,Danette,Riley,driley19@reuters.com,Female,19
47,Jamil,Mongan,jmongan1a@edublogs.org,Male,2
48,Ruddy,Bartoshevich,rbartoshevich1b@themeforest.net,Male,22
49,Lin,Hickisson,lhickisson1c@sogou.com,Male,1
50,Ruthi,McGillicuddy,rmcgillicuddy1d@fda.gov,Female,40
51,Cacilia,Hannant,channant1e@cam.ac.uk,Female,28
52,Ryon,Bloodworthe,rbloodworthe1f@hostgator.com,Male,5
53,Else,Budget,ebudget1g@cbc.ca,Female,37
54,Elvyn,Lehrer,elehrer1h@unc.edu,Male,84
55,Gamaliel,Farncomb,gfarncomb1i@huffingtonpost.com,Male,4
56,Anatollo,Folini,afolini1j@google.it,Male,33
57,Mayor,Drinkwater,mdrinkwater1k@latimes.com,Male,60
58,Shaw,Baldetti,sbaldetti1l@ihg.com,Male,35
59,Chas,Legon,clegon1m@squarespace.com,Male,96
60,Ervin,Bruniges,ebruniges1n@deviantart.com,Male,31
61,Bogart,Scammell,bscammell1o@instagram.com,Male,72
62,Christopher,Pendreigh,cpendreigh1p@goodreads.com,Male,48
63,Nev,Idenden,nidenden1q@who.int,Male,68
64,Reinhold,Piercey,rpiercey1r@omniture.com,Male,48
65,Harland,Minchell,hminchell1s@mozilla.org,Male,35
66,Ceciley,Ringwood,cringwood1t@usda.gov,Female,47
67,Matthaeus,Wynes,mwynes1u@oakley.com,Male,3
68,Llywellyn,Huot,lhuot1v@usnews.com,Male,3
69,Mag,Ossenna,mossenna1w@i2i.jp,Female,50
70,Ortensia,Whitty,owhitty1x@omniture.com,Female,17
71,Julia,Petrovykh,jpetrovykh1y@boston.com,Female,86
72,Agosto,Bayston,abayston1z@bbb.org,Male,99
73,Odessa,Parrington,oparrington20@buzzfeed.com,Female,24
74,Devlin,Soar,dsoar21@marriott.com,Male,38
75,Noelani,Southby,nsouthby22@theguardian.com,Female,52
76,Jessee,Drinkel,jdrinkel23@chronoengine.com,Male,43
77,Catlin,Baythorp,cbaythorp24@harvard.edu,Female,33
78,Willie,Easthope,weasthope25@home.pl,Female,57
79,Kittie,Blaxter,kblaxter26@adobe.com,Female,25
80,Duke,Wrack,dwrack27@prweb.com,Male,89
81,Roxi,Iggo,riggo28@irs.gov,Female,34
82,Templeton,Grigoli,tgrigoli29@sphinn.com,Male,60
83,Ema,Davion,edavion2a@google.cn,Female,84
84,Bellina,Dearle,bdearle2b@theglobeandmail.com,Female,20
85,Joycelin,Wallington,jwallington2c@irs.gov,Female,7
86,Dorice,Rosen,drosen2d@scientificamerican.com,Female,59
87,Cesaro,Luckes,cluckes2e@statcounter.com,Male,37
88,Giana,Bidmead,gbidmead2f@tmall.com,Female,71
89,Alon,Lappine,alappine2g@shop-pro.jp,Male,30
90,Greer,Hacking,ghacking2h@sciencedirect.com,Female,78
91,Cyril,Tranckle,ctranckle2i@narod.ru,Male,87
92,Shandeigh,Coveny,scoveny2j@seesaa.net,Female,33
93,Erin,Scoffham,escoffham2k@ycombinator.com,Male,56
94,Irina,Kirkham,ikirkham2l@jigsy.com,Female,8
95,Pinchas,Tenwick,ptenwick2m@sciencedaily.com,Male,33
96,Tamarah,Terry,tterry2n@about.me,Female,32
97,Cesar,Kennedy,ckennedy2o@ibm.com,Male,69
98,Timoteo,Sauvain,tsauvain2p@unc.edu,Male,50
99,Hall,Storcke,hstorcke2q@issuu.com,Male,75
100,Curtice,Milam,cmilam2r@economist.com,Male,81
101,Hestia,Raigatt,hraigatt2s@hud.gov,Female,18
102,Isis,Dallicott,idallicott2t@fda.gov,Female,83
103,Fleurette,Dallender,fdallender2u@gmpg.org,Female,84
104,Allister,Riccard,ariccard2v@hud.gov,Male,65
105,Eberhard,Bacher,ebacher2w@marketwatch.com,Male,96
106,Cristal,Olerenshaw,colerenshaw2x@nationalgeographic.com,Female,68
107,Martelle,Siddeley,msiddeley2y@merriam-webster.com,Female,97
108,Salem,Parslow,sparslow2z@princeton.edu,Male,4
109,Sydel,Bugbee,sbugbee30@spotify.com,Female,94
110,Florella,O'Nolan,fonolan31@cnbc.com,Female,78
111,Eileen,Blaise,eblaise32@tmall.com,Female,1
112,Ulysses,Huikerby,uhuikerby33@wordpress.com,Male,4
113,Jedediah,Felkin,jfelkin34@nytimes.com,Male,98
114,Jenifer,McMorland,jmcmorland35@scribd.com,Female,3
115,Solomon,Blagburn,sblagburn36@cloudflare.com,Male,2
116,Ilene,Avon,iavon37@reverbnation.com,Female,36
117,Odetta,Lofthouse,olofthouse38@list-manage.com,Female,95
118,Rik,Severwright,rseverwright39@theatlantic.com,Male,26
119,Ardelis,Urch,aurch3a@usa.gov,Female,71
120,Reinaldo,Borg,rborg3b@ebay.co.uk,Male,19
121,Pepito,Stoving,pstoving3c@abc.net.au,Male,100
122,Chauncey,Lawrence,clawrence3d@scientificamerican.com,Male,62
123,Trev,Reinert,treinert3e@google.co.jp,Male,21
124,Boyce,Creeghan,bcreeghan3f@washington.edu,Male,82
125,Joya,Spellsworth,jspellsworth3g@creativecommons.org,Female,94
126,Derick,Reddell,dreddell3h@google.de,Male,36
127,Lynnett,Cokely,lcokely3i@jimdo.com,Female,51
128,Bay,Vakhrushev,bvakhrushev3j@unesco.org,Male,25
129,Abbot,Thorsen,athorsen3k@bandcamp.com,Male,74
130,Blondie,Messitt,bmessitt3l@webnode.com,Female,75
131,Meier,De Giorgio,mdegiorgio3m@bloomberg.com,Male,11
132,Creigh,Chard,cchard3n@vinaora.com,Male,48
133,Xerxes,Heindrich,xheindrich3o@de.vu,Male,33
134,Manfred,Knutsen,mknutsen3p@pinterest.com,Male,78
135,Wilfred,Quick,wquick3q@acquirethisname.com,Male,98
136,Kettie,Mannooch,kmannooch3r@sakura.ne.jp,Female,83
137,Carlos,Jesse,cjesse3s@constantcontact.com,Male,93
138,Griffie,Halligan,ghalligan3t@samsung.com,Male,20
139,Selina,Packham,spackham3u@cbslocal.com,Female,67
140,Harley,Rodman,hrodman3v@fastcompany.com,Male,98
141,Edd,Frier,efrier3w@spiegel.de,Male,20
142,Rhianon,Weekly,rweekly3x@indiegogo.com,Female,17
143,Donovan,Dalwood,ddalwood3y@engadget.com,Male,68
144,Kennie,Breagan,kbreagan3z@usa.gov,Male,83
145,Marlene,Peealess,mpeealess40@epa.gov,Female,77
146,Chen,Restieaux,crestieaux41@nifty.com,Male,11
147,Wiatt,Pollicatt,wpollicatt42@wikimedia.org,Male,76
148,Laverne,Harrowell,lharrowell43@sakura.ne.jp,Female,91
149,Alick,Stuck,astuck44@salon.com,Male,33
150,Zsa zsa,Gloves,zgloves45@indiegogo.com,Female,82
151,Camile,Ruggs,cruggs46@hubpages.com,Female,57
152,Elisabet,Pietroni,epietroni47@cargocollective.com,Female,99
153,Sherwynd,Macbane,smacbane48@washington.edu,Male,69
154,Hilly,Demoge,hdemoge49@jimdo.com,Male,82
155,Mara,Springtorp,mspringtorp4a@meetup.com,Female,28
156,Josephina,Grombridge,jgrombridge4b@parallels.com,Female,4
157,Thekla,Haysman,thaysman4c@freewebs.com,Female,87
158,Eliot,Heliet,eheliet4d@discuz.net,Male,9
159,Lurlene,Spurryer,lspurryer4e@berkeley.edu,Female,86
160,Kelly,Menure,kmenure4f@opensource.org,Male,93
161,Lou,Boyson,lboyson4g@slate.com,Female,95
162,Devonne,Androck,dandrock4h@google.ca,Female,52
163,Rinaldo,Forbes,rforbes4i@cisco.com,Male,2
164,Owen,Jonk,ojonk4j@free.fr,Male,50
165,Dehlia,Paddie,dpaddie4k@alexa.com,Female,95
166,Darbee,Doctor,ddoctor4l@wikia.com,Male,66
167,Roxi,Gerger,rgerger4m@whitehouse.gov,Female,35
168,Cherri,Mathonnet,cmathonnet4n@barnesandnoble.com,Female,42
169,Ali,Vowden,avowden4o@linkedin.com,Male,45
170,Shurwood,Anthona,santhona4p@amazonaws.com,Male,75
171,Odetta,Tice,otice4q@statcounter.com,Female,53
172,Florrie,Critcher,fcritcher4r@wisc.edu,Female,96
173,Alvie,Josling,ajosling4s@sphinn.com,Male,96
174,Arturo,Grieg,agrieg4t@aol.com,Male,36
175,Monah,Scholey,mscholey4u@ibm.com,Female,12
176,Claudie,Glaum,cglaum4v@csmonitor.com,Female,72
177,Hogan,Twine,htwine4w@printfriendly.com,Male,30
178,Malachi,Bizley,mbizley4x@census.gov,Male,53
179,Obediah,Housbie,ohousbie4y@slideshare.net,Male,34
180,Garreth,Gherardelli,ggherardelli4z@mtv.com,Male,1
181,Pincus,Vauls,pvauls50@whitehouse.gov,Male,53
182,Knox,Siddon,ksiddon51@godaddy.com,Male,55
183,Gwendolin,Cruft,gcruft52@shop-pro.jp,Female,94
184,Sabrina,Edwin,sedwin53@theguardian.com,Female,31
185,Whitaker,MacDougal,wmacdougal54@japanpost.jp,Male,16
186,Cornall,Eborn,ceborn55@mail.ru,Male,72
187,Sada,D'Antoni,sdantoni56@loc.gov,Female,33
188,Marin,McGiveen,mmcgiveen57@fc2.com,Female,85
189,Bryan,Dalgety,bdalgety58@google.ru,Male,73
190,Manda,Woollaston,mwoollaston59@flickr.com,Female,79
191,Glen,Hammer,ghammer5a@discovery.com,Female,94
192,Bartel,Valentin,bvalentin5b@yellowbook.com,Male,7
193,Roman,Mardy,rmardy5c@live.com,Male,86
194,Jonie,Morpeth,jmorpeth5d@youtu.be,Female,62
195,Ellene,Leeuwerink,eleeuwerink5e@dyndns.org,Female,47
196,Nessy,Ruegg,nruegg5f@chicagotribune.com,Female,42
197,Tandie,Pengelley,tpengelley5g@vinaora.com,Female,85
198,Sid,MacDonough,smacdonough5h@ftc.gov,Male,25
199,Earle,Kealey,ekealey5i@indiatimes.com,Male,5
200,Lib,Daintrey,ldaintrey5j@moonfruit.com,Female,23
201,Lisabeth,Benion,lbenion5k@dot.gov,Female,12
202,Adrian,Manley,amanley5l@typepad.com,Male,79
203,Gaylor,Rive,grive5m@arstechnica.com,Male,21
204,Pandora,Trengrove,ptrengrove5n@mashable.com,Female,61
205,Veronique,Sancias,vsancias5o@senate.gov,Female,52
206,Carey,Feighney,cfeighney5p@berkeley.edu,Male,99
207,Desdemona,Raulston,draulston5q@behance.net,Female,3
208,Jakob,Castelli,jcastelli5r@mit.edu,Male,15
209,Howey,Wybrow,hwybrow5s@homestead.com,Male,96
210,Ari,Ellicombe,aellicombe5t@unc.edu,Male,9
211,Magdalena,Ickovitz,mickovitz5u@sun.com,Female,87
212,Kipp,D'Emanuele,kdemanuele5v@unc.edu,Male,94
213,Dewain,Cauthra,dcauthra5w@macromedia.com,Male,14
214,Debee,Fandrey,dfandrey5x@angelfire.com,Female,37
215,Sasha,Peggs,speggs5y@themeforest.net,Female,49
216,Jarrod,Sidlow,jsidlow5z@hp.com,Male,72
217,Bondon,Boteman,bboteman60@pbs.org,Male,92
218,Moyra,Vogl,mvogl61@smh.com.au,Female,30
219,Myron,Macbeth,mmacbeth62@simplemachines.org,Male,49
220,Florrie,Shevell,fshevell63@cmu.edu,Female,11
221,Sascha,Cardenoza,scardenoza64@studiopress.com,Male,52
222,Kippar,Stickles,kstickles65@quantcast.com,Male,72
223,Sandra,Muddle,smuddle66@whitehouse.gov,Female,22
224,Gracia,Bertomeu,gbertomeu67@simplemachines.org,Female,13
225,Sidnee,Marriott,smarriott68@bloglines.com,Male,43
226,Millie,Mulligan,mmulligan69@etsy.com,Female,51
227,Melvyn,Wailes,mwailes6a@netscape.com,Male,67
228,Ikey,Hamlen,ihamlen6b@nsw.gov.au,Male,98
229,Vyky,Pape,vpape6c@vkontakte.ru,Female,42
230,Benetta,Moller,bmoller6d@hud.gov,Female,9
231,Lyman,Issacof,lissacof6e@altervista.org,Male,17
232,Wildon,Madigan,wmadigan6f@webnode.com,Male,3
233,Theodosia,Moggie,tmoggie6g@walmart.com,Female,24
234,Mella,Stute,mstute6h@wired.com,Female,93
235,Rheta,Elcocks,relcocks6i@wikimedia.org,Female,12
236,Bab,Soeiro,bsoeiro6j@msn.com,Female,17
237,Joshua,Cholerton,jcholerton6k@google.com.hk,Male,16
238,Woodie,Spillett,wspillett6l@businesswire.com,Male,41
239,Emmit,Symson,esymson6m@hud.gov,Male,94
240,Shelli,McCrann,smccrann6n@amazon.com,Female,70
241,Marja,Takis,mtakis6o@dedecms.com,Female,46
242,Glendon,Shillum,gshillum6p@yahoo.com,Male,76
243,Sloan,Rumney,srumney6q@discovery.com,Male,53
244,Flor,Harpham,fharpham6r@timesonline.co.uk,Female,11
245,Agneta,Florence,aflorence6s@nature.com,Female,10
246,Fianna,Done,fdone6t@uol.com.br,Female,97
247,Joycelin,Isoldi,jisoldi6u@boston.com,Female,100
248,Haroun,Ryce,hryce6v@wikipedia.org,Male,88
249,Bobina,McGebenay,bmcgebenay6w@prweb.com,Female,16
250,Jerry,Ranson,jranson6x@gmpg.org,Female,28
251,Ruttger,Jedrzaszkiewicz,rjedrzaszkiewicz6y@blogspot.com,Male,84
252,Rea,Jervois,rjervois6z@weather.com,Female,21
253,Valentine,Bowery,vbowery70@sphinn.com,Male,91
254,Tristam,Galia,tgalia71@msu.edu,Male,31
255,Waverley,Anthony,wanthony72@toplist.cz,Male,64
256,Thibaud,Scolding,tscolding73@gizmodo.com,Male,70
257,Dinny,Cirlos,dcirlos74@sitemeter.com,Female,96
258,Emmanuel,Ingraham,eingraham75@domainmarket.com,Male,64
259,Chad,Horburgh,chorburgh76@businessinsider.com,Male,54
260,Prinz,Cheavin,pcheavin77@shutterfly.com,Male,47
261,Ula,Redholes,uredholes78@nps.gov,Female,83
262,Leslie,Hayth,lhayth79@webs.com,Male,1
263,Darius,Mc Curlye,dmccurlye7a@omniture.com,Male,100
264,Kippie,Ormston,kormston7b@wsj.com,Male,73
265,Wilona,Kenton,wkenton7c@hibu.com,Female,11
266,Blayne,Gallaway,bgallaway7d@time.com,Male,16
267,Denis,Warman,dwarman7e@nsw.gov.au,Male,70
268,Sherline,Eassom,seassom7f@theatlantic.com,Female,11
269,Domenic,Levesley,dlevesley7g@washington.edu,Male,82
270,Deane,Straniero,dstraniero7h@wordpress.com,Male,83
271,Ebony,Burtwell,eburtwell7i@google.ru,Female,54
272,Dick,Gomby,dgomby7j@bbb.org,Male,51
273,Artus,Charpling,acharpling7k@ca.gov,Male,98
274,Chrystel,Gwillyam,cgwillyam7l@dyndns.org,Female,70
275,Isobel,ducarme,iducarme7m@jigsy.com,Female,8
276,Morgan,Folini,mfolini7n@wunderground.com,Male,17
277,Rory,Schlag,rschlag7o@yellowbook.com,Male,99
278,Adah,Hedge,ahedge7p@uiuc.edu,Female,80
279,Paige,Reilingen,preilingen7q@cornell.edu,Female,50
280,Heinrick,De Goey,hdegoey7r@amazon.co.jp,Male,50
281,Tye,Marflitt,tmarflitt7s@livejournal.com,Male,24
282,Gerladina,Jackalin,gjackalin7t@msn.com,Female,84
283,Durante,Sauvan,dsauvan7u@t.co,Male,93
284,Merralee,Curme,mcurme7v@hugedomains.com,Female,76
285,Winnah,Ridsdell,wridsdell7w@hubpages.com,Female,44
286,Lon,Hustings,lhustings7x@csmonitor.com,Male,6
287,Sebastiano,Beevis,sbeevis7y@rediff.com,Male,32
288,Bobbie,Rabidge,brabidge7z@huffingtonpost.com,Female,71
289,Wendeline,Full,wfull80@japanpost.jp,Female,94
290,Web,Whitland,wwhitland81@irs.gov,Male,67
291,Evangelin,Dunridge,edunridge82@census.gov,Female,31
292,Torrin,Di Biasio,tdibiasio83@sbwire.com,Male,92
293,Marin,Auld,mauld84@slashdot.org,Female,13
294,Stanislas,Tarrant,starrant85@yandex.ru,Male,16
295,Rafaellle,Ormshaw,rormshaw86@ifeng.com,Male,36
296,Erna,Lawlie,elawlie87@yolasite.com,Female,64
297,Hallie,Grimestone,hgrimestone88@google.com.au,Female,41
298,Worthington,Chipp,wchipp89@mapquest.com,Male,79
299,Rinaldo,Robyns,rrobyns8a@wikipedia.org,Male,44
300,Tobie,Giral,tgiral8b@unc.edu,Male,86
301,Allissa,Scoffham,ascoffham8c@skyrock.com,Female,92
302,Bianka,Pointing,bpointing8d@sciencedaily.com,Female,29
303,Cord,Sedgeman,csedgeman8e@cmu.edu,Male,37
304,Erminie,Willshere,ewillshere8f@seattletimes.com,Female,83
305,Gilli,Tyreman,gtyreman8g@gizmodo.com,Female,4
306,Conni,Weben,cweben8h@dailymotion.com,Female,85
307,Jerry,Mamwell,jmamwell8i@earthlink.net,Male,24
308,Cassy,McGebenay,cmcgebenay8j@imageshack.us,Female,98
309,Yalonda,Hewlings,yhewlings8k@blogs.com,Female,57
310,Javier,Bottrill,jbottrill8l@tinyurl.com,Male,24
311,Yule,Faier,yfaier8m@diigo.com,Male,27
312,Sheri,Peffer,speffer8n@si.edu,Female,42
313,Angela,Maddrah,amaddrah8o@businesswire.com,Female,41
314,Hedda,Roberts,hroberts8p@geocities.com,Female,76
315,Denise,Veitch,dveitch8q@independent.co.uk,Female,36
316,Chase,Borgnet,cborgnet8r@qq.com,Male,59
317,Reeta,Wick,rwick8s@smugmug.com,Female,97
318,Padgett,Hazelby,phazelby8t@sourceforge.net,Male,90
319,Alden,Dalgetty,adalgetty8u@fc2.com,Male,95
320,Bogart,Faraker,bfaraker8v@infoseek.co.jp,Male,73
321,Walther,Tully,wtully8w@japanpost.jp,Male,15
322,Stefan,Lonnon,slonnon8x@ebay.co.uk,Male,89
323,Syman,McLorinan,smclorinan8y@jimdo.com,Male,3
324,Reinald,Selbie,rselbie8z@youku.com,Male,78
325,Caleb,Heasman,cheasman90@ocn.ne.jp,Male,25
326,Elicia,Torrans,etorrans91@google.com,Female,98
327,Kissie,McRorie,kmcrorie92@elpais.com,Female,15
328,Greg,Arnecke,garnecke93@fc2.com,Male,76
329,Lorain,Yggo,lyggo94@house.gov,Female,25
330,Travus,Brizell,tbrizell95@multiply.com,Male,75
331,Horatius,Lorking,hlorking96@stumbleupon.com,Male,84
332,Sigmund,Gowanson,sgowanson97@networkadvertising.org,Male,95
333,Guillema,Annwyl,gannwyl98@shareasale.com,Female,43
334,Currie,Crighten,ccrighten99@gravatar.com,Male,50
335,Jdavie,Walklott,jwalklott9a@blogtalkradio.com,Male,44
336,Mercy,Janecki,mjanecki9b@harvard.edu,Female,49
337,Lavinia,Crossfield,lcrossfield9c@naver.com,Female,11
338,Lee,Luparti,lluparti9d@bbc.co.uk,Male,77
339,Rhoda,Egalton,regalton9e@aol.com,Female,23
340,Karia,Ferrie,kferrie9f@ebay.co.uk,Female,26
341,Veronica,Fudger,vfudger9g@huffingtonpost.com,Female,45
342,Nels,Jebb,njebb9h@studiopress.com,Male,90
343,Engracia,Malley,emalley9i@pagesperso-orange.fr,Female,4
344,Beatriz,Cornwell,bcornwell9j@rambler.ru,Female,83
345,Farra,Bellworthy,fbellworthy9k@smh.com.au,Female,60
346,Chelsy,Haysar,chaysar9l@wordpress.org,Female,15
347,Paloma,Landers,planders9m@fastcompany.com,Female,84
348,Anders,Simione,asimione9n@prlog.org,Male,14
349,Fredelia,Jee,fjee9o@walmart.com,Female,76
350,Alley,Stive,astive9p@live.com,Male,96
351,Harmonia,Wintour,hwintour9q@baidu.com,Female,35
352,Chastity,Benet,cbenet9r@dailymail.co.uk,Female,28
353,Magda,Fulmen,mfulmen9s@timesonline.co.uk,Female,14
354,Cathrin,Shyres,cshyres9t@auda.org.au,Female,27
355,Claudian,Lambarth,clambarth9u@jigsy.com,Male,92
356,Hasheem,Burrill,hburrill9v@accuweather.com,Male,71
357,Genevra,Oddey,goddey9w@abc.net.au,Female,71
358,Randolph,Lemin,rlemin9x@homestead.com,Male,71
359,Davidson,Yell,dyell9y@discovery.com,Male,1
360,Carina,Feaster,cfeaster9z@xinhuanet.com,Female,22
361,Tito,Biasetti,tbiasettia0@smugmug.com,Male,89
362,Rusty,Dadley,rdadleya1@mediafire.com,Male,33
363,Reed,Hinz,rhinza2@mysql.com,Male,52
364,Ashbey,Lorkings,alorkingsa3@arstechnica.com,Male,66
365,Robert,Gumey,rgumeya4@trellian.com,Male,83
366,Olivero,Ker,okera5@omniture.com,Male,43
367,Templeton,Bowhay,tbowhaya6@geocities.com,Male,22
368,Meghan,Coslett,mcosletta7@home.pl,Female,65
369,Melita,Tremblet,mtrembleta8@is.gd,Female,62
370,Aridatha,Dewey,adeweya9@arizona.edu,Female,32
371,Devon,Kadd,dkaddaa@rambler.ru,Female,61
372,Sigismund,Tash,stashab@1688.com,Male,22
373,Cameron,Fraine,cfraineac@answers.com,Male,2
374,Errol,Macari,emacariad@spotify.com,Male,57
375,Branden,Burdass,bburdassae@paginegialle.it,Male,32
376,Delinda,Keoghan,dkeoghanaf@nydailynews.com,Female,38
377,Esteban,Hargraves,ehargravesag@posterous.com,Male,83
378,Aurel,Kennion,akennionah@jimdo.com,Female,46
379,Maris,Dumphries,mdumphriesai@house.gov,Female,19
380,Reube,Hamlin,rhamlinaj@bravesites.com,Male,25
381,Clement,Shadfourth,cshadfourthak@fda.gov,Male,8
382,Karoly,Pratchett,kpratchettal@unc.edu,Female,86
383,Jsandye,Doddridge,jdoddridgeam@booking.com,Female,96
384,Malcolm,Cordaroy,mcordaroyan@mapy.cz,Male,18
385,Rich,Collett,rcollettao@posterous.com,Male,94
386,Abram,Egglestone,aegglestoneap@answers.com,Male,19
387,Jilli,Douce,jdouceaq@upenn.edu,Female,52
388,Hilliard,Doerrling,hdoerrlingar@google.com,Male,9
389,Kip,Kennham,kkennhamas@icio.us,Male,90
390,Katti,Levison,klevisonat@hostgator.com,Female,59
391,Sim,Trayes,strayesau@arizona.edu,Male,71
392,Chaddie,Scougal,cscougalav@prlog.org,Male,82
393,Kaiser,Proudlove,kproudloveaw@narod.ru,Male,57
394,Ursala,Sudell,usudellax@pbs.org,Female,90
395,Daniele,Molyneaux,dmolyneauxay@netscape.com,Female,15
396,Jarrod,Clunan,jclunanaz@devhub.com,Male,91
397,Regan,Eynald,reynaldb0@state.tx.us,Female,99
398,Beck,Dreghorn,bdreghornb1@hibu.com,Male,13
399,Modestine,Cordel,mcordelb2@altervista.org,Female,3
400,Cindy,Loblie,cloblieb3@desdev.cn,Female,85
401,Rose,Jacketts,rjackettsb4@apple.com,Female,8
402,Mara,Wadham,mwadhamb5@cdc.gov,Female,22
403,Saundra,Cartmail,scartmailb6@bigcartel.com,Male,46
404,Kin,Maffioletti,kmaffiolettib7@github.io,Male,39
405,Deane,Montford,dmontfordb8@ask.com,Male,4
406,Elvin,Waitland,ewaitlandb9@ted.com,Male,74
407,Prisca,Terzo,pterzoba@usnews.com,Female,29
408,Rickie,Raulston,rraulstonbb@statcounter.com,Female,17
409,Maximilien,Stuckley,mstuckleybc@desdev.cn,Male,93
410,Forbes,Ellerbeck,fellerbeckbd@wikimedia.org,Male,50
411,Rad,Kinnar,rkinnarbe@google.ru,Male,18
412,Zabrina,Checketts,zcheckettsbf@alibaba.com,Female,75
413,Lyn,Robbert,lrobbertbg@walmart.com,Female,2
414,Ferrell,Braffington,fbraffingtonbh@narod.ru,Male,94
415,Warren,Duligall,wduligallbi@rediff.com,Male,78
416,Marcille,Duran,mduranbj@sakura.ne.jp,Female,7
417,Bartlet,Hindhaugh,bhindhaughbk@princeton.edu,Male,88
418,Rudolfo,Lichfield,rlichfieldbl@mediafire.com,Male,35
419,Mike,Lanbertoni,mlanbertonibm@mit.edu,Male,87
420,Bax,Pear,bpearbn@msn.com,Male,47
421,Robby,Fautly,rfautlybo@ftc.gov,Male,15
422,Joana,Such,jsuchbp@scientificamerican.com,Female,95
423,Gaven,Duker,gdukerbq@xing.com,Male,6
424,Gunar,Ryam,gryambr@shareasale.com,Male,54
425,Clark,Dinsell,cdinsellbs@mysql.com,Male,74
426,Iormina,Gonthard,igonthardbt@istockphoto.com,Female,49
427,Calhoun,Gillitt,cgillittbu@geocities.jp,Male,58
428,Estevan,Longhi,elonghibv@deliciousdays.com,Male,19
429,Frasco,Shawcross,fshawcrossbw@blogs.com,Male,36
430,Fredric,Sacks,fsacksbx@so-net.ne.jp,Male,17
431,Evelyn,Lindenbluth,elindenbluthby@joomla.org,Male,35
432,Kale,Purselow,kpurselowbz@feedburner.com,Male,66
433,Eunice,Gager,egagerc0@google.ru,Female,61
434,Lorin,Labro,llabroc1@exblog.jp,Male,21
435,Justinian,Godfrey,jgodfreyc2@google.nl,Male,9
436,Fredrick,Hallum,fhallumc3@house.gov,Male,97
437,Immanuel,Rivenzon,irivenzonc4@paginegialle.it,Male,16
438,Theobald,Everett,teverettc5@google.co.uk,Male,57
439,Jordan,Le Brom,jlebromc6@deliciousdays.com,Male,89
440,Ambrosio,Polglase,apolglasec7@oakley.com,Male,24
441,Amerigo,Risely,ariselyc8@merriam-webster.com,Male,99
442,Sella,Wearn,swearnc9@elegantthemes.com,Female,6
443,Yardley,Garrattley,ygarrattleyca@rediff.com,Male,82
444,Latia,Snailham,lsnailhamcb@nhs.uk,Female,57
445,Irma,Durdan,idurdancc@paypal.com,Female,68
446,Orelie,Mair,omaircd@cocolog-nifty.com,Female,30
447,Valenka,Einchcombe,veinchcombece@bloglovin.com,Female,39
448,Jori,Mourbey,jmourbeycf@dion.ne.jp,Female,79
449,Andeee,Sackett,asackettcg@1und1.de,Female,78
450,Lavina,Evens,levensch@fema.gov,Female,94
451,Gay,Gillopp,ggilloppci@hostgator.com,Female,86
452,Collie,Mintoft,cmintoftcj@indiegogo.com,Female,62
453,Morry,Thaxton,mthaxtonck@amazon.co.jp,Male,28
454,Frederich,Taynton,ftayntoncl@go.com,Male,7
455,Francis,Sheard,fsheardcm@amazon.com,Male,82
456,Marianna,Kealy,mkealycn@bbb.org,Female,94
457,Gilberta,Terzi,gterzico@mozilla.com,Female,23
458,Ring,Airy,rairycp@google.ca,Male,74
459,Fanny,Draycott,fdraycottcq@cam.ac.uk,Female,70
460,Emanuel,Bousquet,ebousquetcr@free.fr,Male,99
461,Tedd,Sergison,tsergisoncs@pen.io,Male,11
462,Cort,Grindley,cgrindleyct@ted.com,Male,72
463,Nicholas,Zink,nzinkcu@va.gov,Male,72
464,Winthrop,Harriss,wharrisscv@miitbeian.gov.cn,Male,36
465,Fons,Whatford,fwhatfordcw@thetimes.co.uk,Male,65
466,Jessika,Santarelli,jsantarellicx@rambler.ru,Female,9
467,Ivory,Gregori,igregoricy@ow.ly,Female,85
468,Barny,Maryott,bmaryottcz@wikispaces.com,Male,65
469,Ingaborg,Tripcony,itripconyd0@vkontakte.ru,Female,18
470,Yurik,Mc Caughan,ymccaughand1@t.co,Male,95
471,Dew,McLukie,dmclukied2@slashdot.org,Male,69
472,Irena,Broinlich,ibroinlichd3@ehow.com,Female,98
473,Patrica,Meekins,pmeekinsd4@ihg.com,Female,81
474,Imojean,Stannislawski,istannislawskid5@ocn.ne.jp,Female,61
475,Darice,Ruggier,druggierd6@mashable.com,Female,49
476,Sol,Bigglestone,sbigglestoned7@163.com,Male,28
477,Ingemar,Joscelyn,ijoscelynd8@irs.gov,Male,32
478,Rozina,Dowda,rdowdad9@dyndns.org,Female,49
479,Chaunce,McQuarter,cmcquarterda@foxnews.com,Male,29
480,Dore,Reskelly,dreskellydb@ucla.edu,Female,65
481,Flin,Rowena,frowenadc@ning.com,Male,78
482,Starr,Hancorn,shancorndd@360.cn,Female,8
483,Adolphus,Duester,aduesterde@seesaa.net,Male,13
484,Rosanna,Benz,rbenzdf@washingtonpost.com,Female,52
485,Gran,Graddell,ggraddelldg@over-blog.com,Male,73
486,Revkah,Strettell,rstrettelldh@nationalgeographic.com,Female,8
487,Nathanil,Thaller,nthallerdi@prweb.com,Male,6
488,Joseito,Austing,jaustingdj@google.com.au,Male,98
489,Rici,O' Donohoe,rodonohoedk@diigo.com,Female,92
490,Giuseppe,Gillbee,ggillbeedl@usnews.com,Male,90
491,Fanchette,Riatt,friattdm@cdbaby.com,Female,11
492,Herschel,Jelf,hjelfdn@facebook.com,Male,85
493,Alane,Calf,acalfdo@google.ca,Female,47
494,Josi,Woolager,jwoolagerdp@stanford.edu,Female,36
495,Tadeas,Bracer,tbracerdq@t-online.de,Male,91
496,Meris,Hirthe,mhirthedr@163.com,Female,70
497,Evie,Hostan,ehostands@disqus.com,Female,69
498,Stormi,Pedlar,spedlardt@boston.com,Female,65
499,Mario,Reinert,mreinertdu@bloomberg.com,Male,68
500,Gaultiero,Bedells,gbedellsdv@sciencedirect.com,Male,95
501,Feodor,Menault,fmenaultdw@jiathis.com,Male,30
502,Zeke,Libbis,zlibbisdx@wired.com,Male,13
503,Jilli,Pattison,jpattisondy@squidoo.com,Female,21
504,Joni,Skillanders,jskillandersdz@yolasite.com,Female,88
505,Virgie,Grzeskowski,vgrzeskowskie0@hhs.gov,Male,12
506,Pepito,Ogus,poguse1@webeden.co.uk,Male,8
507,Correy,Boughen,cboughene2@zdnet.com,Male,63
508,Clayborne,Spellman,cspellmane3@mashable.com,Male,93
509,Maiga,Beeckx,mbeeckxe4@reuters.com,Female,17
510,Steve,Grestie,sgrestiee5@msn.com,Male,31
511,Artemas,Mebius,amebiuse6@bravesites.com,Male,58
512,Vitia,Julyan,vjulyane7@sakura.ne.jp,Female,56
513,Terrill,Nannizzi,tnannizzie8@addthis.com,Male,36
514,Nicoline,Vergo,nvergoe9@walmart.com,Female,72
515,Linzy,Janny,ljannyea@nymag.com,Female,78
516,Ashlan,Hallyburton,ahallyburtoneb@sourceforge.net,Female,76
517,Anallese,Crimmins,acrimminsec@soup.io,Female,28
518,Yoshi,Giannazzo,ygiannazzoed@dropbox.com,Female,100
519,Nero,Hewins,nhewinsee@merriam-webster.com,Male,38
520,Sheba,Kerbey,skerbeyef@blogs.com,Female,39
521,Gwenny,Christauffour,gchristauffoureg@businessinsider.com,Female,56
522,Angele,Tassell,atasselleh@infoseek.co.jp,Female,78
523,Celina,Gave,cgaveei@i2i.jp,Female,6
524,Kenon,Grabiec,kgrabiecej@seesaa.net,Male,91
525,Hewet,Bartkowiak,hbartkowiakek@mozilla.com,Male,84
526,Percy,Nicholl,pnichollel@goo.ne.jp,Male,35
527,Hoyt,Daverin,hdaverinem@g.co,Male,40
528,Jeanelle,Giorgi,jgiorgien@gov.uk,Female,60
529,Shae,Normadell,snormadelleo@walmart.com,Male,38
530,Roderic,Hubble,rhubbleep@ca.gov,Male,1
531,Patience,Karchowski,pkarchowskieq@walmart.com,Female,66
532,Helaina,Briat,hbriater@comsenz.com,Female,47
533,Hanson,MacRirie,hmacririees@upenn.edu,Male,67
534,Stacia,Nicholes,snicholeset@cnbc.com,Female,65
535,Artemus,Atkinson,aatkinsoneu@narod.ru,Male,9
536,Glad,Gooden,ggoodenev@mozilla.com,Female,87
537,Michal,Schoolfield,mschoolfieldew@earthlink.net,Male,42
538,Renault,Cannop,rcannopex@go.com,Male,5
539,Caitlin,Kernell,ckernelley@imgur.com,Female,34
540,Angie,Pengilly,apengillyez@tumblr.com,Female,80
541,Werner,Duckett,wduckettf0@disqus.com,Male,1
542,Augy,Brilleman,abrillemanf1@yelp.com,Male,9
543,Garner,Duxbarry,gduxbarryf2@ucsd.edu,Male,84
544,Alphonso,Jocic,ajocicf3@sphinn.com,Male,8
545,Brooke,Torrisi,btorrisif4@vkontakte.ru,Female,20
546,Demetris,Eady,deadyf5@wsj.com,Female,34
547,Caron,Verman,cvermanf6@ucoz.com,Female,32
548,Danie,Stirton,dstirtonf7@flickr.com,Male,73
549,Hana,Selvester,hselvesterf8@rakuten.co.jp,Female,22
550,Isa,Dalzell,idalzellf9@webmd.com,Female,32
551,Esdras,Manifold,emanifoldfa@miibeian.gov.cn,Male,88
552,Reggie,Loveridge,rloveridgefb@jugem.jp,Male,78
553,Eba,Applebee,eapplebeefc@shop-pro.jp,Female,15
554,Marlin,Doggett,mdoggettfd@google.cn,Male,18
555,Sheba,Fredi,sfredife@illinois.edu,Female,44
556,Waldemar,Hazelgrove,whazelgroveff@deviantart.com,Male,55
557,Thacher,Redhouse,tredhousefg@arstechnica.com,Male,8
558,Celeste,Airy,cairyfh@123-reg.co.uk,Female,20
559,Aubree,Shetliff,ashetlifffi@nhs.uk,Female,35
560,Florida,Kovacs,fkovacsfj@merriam-webster.com,Female,73
561,Nappy,Gloyens,ngloyensfk@nsw.gov.au,Male,89
562,Aleta,Baguley,abaguleyfl@constantcontact.com,Female,8
563,Shay,Liepins,sliepinsfm@nih.gov,Male,37
564,Hilary,Sclater,hsclaterfn@istockphoto.com,Female,77
565,Kirk,Matiasek,kmatiasekfo@jugem.jp,Male,86
566,Mannie,Tointon,mtointonfp@cdc.gov,Male,23
567,Carolin,Piolli,cpiollifq@time.com,Female,75
568,Cass,Fellon,cfellonfr@ameblo.jp,Female,21
569,Natassia,Metheringham,nmetheringhamfs@arstechnica.com,Female,35
570,Bertine,Simenot,bsimenotft@instagram.com,Female,53
571,Ardyth,Heathcott,aheathcottfu@independent.co.uk,Female,65
572,Natty,Courtin,ncourtinfv@yahoo.co.jp,Male,55
573,Peggi,Robberts,probbertsfw@theatlantic.com,Female,6
574,Silas,Trahar,straharfx@amazon.de,Male,9
575,Silvano,Collinwood,scollinwoodfy@home.pl,Male,81
576,Robena,Ferrelli,rferrellifz@uol.com.br,Female,38
577,Arlana,Ellams,aellamsg0@nsw.gov.au,Female,60
578,Ladonna,Agent,lagentg1@woothemes.com,Female,53
579,Dar,Murrison,dmurrisong2@eepurl.com,Male,62
580,Bartlet,Bolletti,bbollettig3@edublogs.org,Male,19
581,Mozes,Maghull,mmaghullg4@ezinearticles.com,Male,2
582,Jamill,Dybald,jdybaldg5@usgs.gov,Male,56
583,Muffin,Melbert,mmelbertg6@mozilla.org,Male,34
584,Mendie,Noell,mnoellg7@illinois.edu,Male,29
585,Marcos,McElrath,mmcelrathg8@flickr.com,Male,13
586,Ringo,Roocroft,rroocroftg9@imgur.com,Male,33
587,Clementina,Bolan,cbolanga@drupal.org,Female,12
588,Douglas,Dubose,ddubosegb@yahoo.co.jp,Male,74
589,Baxy,Broe,bbroegc@slashdot.org,Male,5
590,Adamo,Pepon,apepongd@slashdot.org,Male,50
591,Bailie,Albers,balbersge@odnoklassniki.ru,Male,49
592,Dan,Vellender,dvellendergf@weibo.com,Male,7
593,Hector,Chaffen,hchaffengg@shop-pro.jp,Male,95
594,Mellisent,Dullingham,mdullinghamgh@wired.com,Female,2
595,Minor,Lapidus,mlapidusgi@washingtonpost.com,Male,16
596,Lilllie,Teaze,lteazegj@behance.net,Female,83
597,Darby,Lambard,dlambardgk@surveymonkey.com,Male,100
598,Kellen,Hurdis,khurdisgl@princeton.edu,Male,70
599,Carly,Shearsby,cshearsbygm@ocn.ne.jp,Male,73
600,Aloysius,Kehoe,akehoegn@time.com,Male,82
601,Rance,Cousins,rcousinsgo@irs.gov,Male,15
602,Reuben,Whitesel,rwhiteselgp@walmart.com,Male,27
603,Thorny,Mussalli,tmussalligq@simplemachines.org,Male,99
604,Bailey,Wastall,bwastallgr@sakura.ne.jp,Male,68
605,Ezequiel,Danzey,edanzeygs@google.it,Male,12
606,Keslie,Stendell,kstendellgt@shop-pro.jp,Female,80
607,Davita,Giamitti,dgiamittigu@nature.com,Female,75
608,Kip,Drennan,kdrennangv@wordpress.org,Female,95
609,Chadd,Ivanyutin,civanyutingw@noaa.gov,Male,56
610,Dennie,Toovey,dtooveygx@guardian.co.uk,Male,97
611,Carolina,Liven,clivengy@howstuffworks.com,Female,32
612,Guillema,Monnelly,gmonnellygz@npr.org,Female,67
613,Gelya,Wannes,gwannesh0@guardian.co.uk,Female,46
614,Ivar,Ranvoise,iranvoiseh1@meetup.com,Male,12
615,Vincenty,Harman,vharmanh2@wikipedia.org,Male,76
616,Delmer,Guynemer,dguynemerh3@ovh.net,Male,55
617,Anna-maria,Broyd,abroydh4@admin.ch,Female,8
618,Lucky,Glowinski,lglowinskih5@cdc.gov,Female,69
619,Sharleen,Cloutt,scloutth6@ca.gov,Female,38
620,Ezechiel,Doorly,edoorlyh7@ow.ly,Male,26
621,Byrann,Staton,bstatonh8@oracle.com,Male,81
622,Carmelia,Bazoge,cbazogeh9@vk.com,Female,7
623,Dannie,Saxton,dsaxtonha@nps.gov,Female,89
624,Sampson,Flinn,sflinnhb@nydailynews.com,Male,4
625,Saunderson,Casone,scasonehc@photobucket.com,Male,60
626,Sibella,Carlisso,scarlissohd@toplist.cz,Female,92
627,Meghan,Strowan,mstrowanhe@sciencedirect.com,Female,45
628,Minna,Offin,moffinhf@hp.com,Female,83
629,Merrill,Averall,maverallhg@wp.com,Female,71
630,Guy,Pittford,gpittfordhh@si.edu,Male,71
631,Shandra,Gildersleaves,sgildersleaveshi@marriott.com,Female,50
632,Antonia,Forlong,aforlonghj@facebook.com,Female,39
633,Thaxter,Stredder,tstredderhk@newsvine.com,Male,67
634,Gae,Bladder,gbladderhl@ca.gov,Female,9
635,Mariska,Okenden,mokendenhm@smugmug.com,Female,17
636,Geoff,Mawhinney,gmawhinneyhn@sohu.com,Male,47
637,Clea,Podbury,cpodburyho@bigcartel.com,Female,69
638,Cherida,Labro,clabrohp@theglobeandmail.com,Female,45
639,Karlens,Gue,kguehq@networksolutions.com,Male,32
640,Reube,Burtt,rburtthr@godaddy.com,Male,99
641,Rakel,Burgoine,rburgoinehs@sfgate.com,Female,91
642,Chrysler,Lennox,clennoxht@nifty.com,Female,13
643,Rocky,Hugnot,rhugnothu@ebay.com,Male,73
644,Clari,Kynder,ckynderhv@webs.com,Female,84
645,Gordy,Tailour,gtailourhw@reverbnation.com,Male,25
646,Dallis,Gobeau,dgobeauhx@dmoz.org,Male,94
647,Hebert,Fells,hfellshy@tmall.com,Male,45
648,Virginie,Stearnes,vstearneshz@istockphoto.com,Female,1
649,Rene,Matuszewski,rmatuszewskii0@shop-pro.jp,Male,87
650,Marsha,Shankle,mshanklei1@pinterest.com,Female,95
651,Kalindi,Yates,kyatesi2@bloglines.com,Female,98
652,Caryl,Leynagh,cleynaghi3@weebly.com,Male,22
653,Nyssa,Trevna,ntrevnai4@icio.us,Female,57
654,Jean,Nail,jnaili5@privacy.gov.au,Female,86
655,Neddie,Pennini,npenninii6@blogs.com,Male,48
656,Lacey,Maggorini,lmaggorinii7@cbc.ca,Female,69
657,Garret,Hiscocks,ghiscocksi8@1und1.de,Male,67
658,Bernette,Crottagh,bcrottaghi9@cnet.com,Female,77
659,Marlin,Mallall,mmallallia@i2i.jp,Male,21
660,Lothario,McDermid,lmcdermidib@tamu.edu,Male,64
661,Lamont,McCutheon,lmccutheonic@vinaora.com,Male,27
662,Beulah,Jerratsch,bjerratschid@globo.com,Female,52
663,Barney,Domerq,bdomerqie@archive.org,Male,57
664,Vaughn,Arbor,varborif@redcross.org,Male,89
665,Boot,Scarth,bscarthig@cdc.gov,Male,31
666,Mariele,Domokos,mdomokosih@mapy.cz,Female,73
667,Bart,Andrat,bandratii@w3.org,Male,1
668,Basile,Boud,bboudij@sciencedirect.com,Male,30
669,Augie,Skerme,askermeik@miibeian.gov.cn,Male,65
670,Jessey,Seppey,jseppeyil@timesonline.co.uk,Male,91
671,Theodosia,Hinge,thingeim@typepad.com,Female,86
672,Ernesto,Boays,eboaysin@xinhuanet.com,Male,38
673,Merry,Mechic,mmechicio@wikipedia.org,Female,68
674,Casandra,Jealous,cjealousip@usnews.com,Female,1
675,Marian,Bleibaum,mbleibaumiq@wunderground.com,Female,3
676,Ulla,Kenford,ukenfordir@answers.com,Female,11
677,Hendrik,Konertz,hkonertzis@delicious.com,Male,28
678,Leila,Ridsdell,lridsdellit@archive.org,Female,56
679,Margarita,Adelman,madelmaniu@friendfeed.com,Female,57
680,Loella,Estrella,lestrellaiv@china.com.cn,Female,88
681,Bart,Albutt,balbuttiw@elpais.com,Male,100
682,Nevins,Parram,nparramix@live.com,Male,16
683,Brook,Jellybrand,bjellybrandiy@arizona.edu,Female,28
684,Boycey,Coppledike,bcoppledikeiz@cyberchimps.com,Male,90
685,Waldemar,Baglow,wbaglowj0@comsenz.com,Male,46
686,Tami,Artis,tartisj1@slashdot.org,Female,14
687,Dulciana,O'Coskerry,docoskerryj2@360.cn,Female,46
688,Parker,Younie,pyouniej3@diigo.com,Male,92
689,Oren,De Vaux,odevauxj4@google.nl,Male,42
690,Tracey,Scare,tscarej5@cnet.com,Male,28
691,Dare,Lancley,dlancleyj6@ameblo.jp,Male,66
692,Granthem,Orrom,gorromj7@bloglines.com,Male,70
693,Maryanne,Dillestone,mdillestonej8@shareasale.com,Female,51
694,Buddy,Scrace,bscracej9@flavors.me,Male,75
695,Arlette,McBride,amcbrideja@hexun.com,Female,90
696,Jabez,Seaton,jseatonjb@guardian.co.uk,Male,21
697,Kendal,Guerreiro,kguerreirojc@tiny.cc,Male,4
698,Bartie,Seton,bsetonjd@cnbc.com,Male,54
699,Leeland,Ianilli,lianillije@yahoo.co.jp,Male,93
700,Teresita,Billsberry,tbillsberryjf@tinyurl.com,Female,58
701,Denys,Doore,ddoorejg@slate.com,Male,89
702,Melody,Neal,mnealjh@si.edu,Female,3
703,Friedrich,Turfus,fturfusji@canalblog.com,Male,32
704,Nicolis,Scottini,nscottinijj@state.gov,Male,47
705,Milzie,Circuitt,mcircuittjk@ning.com,Female,53
706,Brandy,Rumsey,brumseyjl@wikimedia.org,Male,18
707,Abie,Belmont,abelmontjm@bbb.org,Male,69
708,Kylynn,Rennolds,krennoldsjn@cisco.com,Female,75
709,Fonz,Marshland,fmarshlandjo@wix.com,Male,66
710,Brear,Huyhton,bhuyhtonjp@marriott.com,Female,36
711,Kimberly,Kilminster,kkilminsterjq@live.com,Female,8
712,Elena,Alldritt,ealldrittjr@independent.co.uk,Female,21
713,Jody,Michin,jmichinjs@simplemachines.org,Male,55
714,Rebekah,Vines,rvinesjt@amazon.de,Female,93
715,Thorn,Kelleway,tkellewayju@cnet.com,Male,43
716,Tadeo,Pears,tpearsjv@narod.ru,Male,44
717,Alyss,Alessandretti,aalessandrettijw@tripadvisor.com,Female,4
718,Gavrielle,Totman,gtotmanjx@facebook.com,Female,31
719,Nita,Barendtsen,nbarendtsenjy@ca.gov,Female,16
720,Hy,Fooks,hfooksjz@state.tx.us,Male,81
721,Joli,Blyde,jblydek0@quantcast.com,Female,45
722,Coral,Drews,cdrewsk1@mozilla.com,Female,10
723,Ashla,Meaton,ameatonk2@xing.com,Female,61
724,Percy,Gladebeck,pgladebeckk3@smugmug.com,Male,10
725,Norrie,Walewski,nwalewskik4@cmu.edu,Female,9
726,Maxie,Elesander,melesanderk5@usnews.com,Male,85
727,Yorke,Jannasch,yjannaschk6@ebay.com,Male,55
728,Rickey,Sabbin,rsabbink7@opensource.org,Male,88
729,Torry,Drowsfield,tdrowsfieldk8@twitter.com,Male,51
730,Lyda,Evanson,levansonk9@trellian.com,Female,92
731,Valenka,Clelle,vclelleka@flickr.com,Female,88
732,Lauralee,Griffoen,lgriffoenkb@latimes.com,Female,9
733,Marlee,Castane,mcastanekc@domainmarket.com,Female,31
734,Georgi,Ioannidis,gioannidiskd@arstechnica.com,Male,96
735,Maynard,Baseley,mbaseleyke@plala.or.jp,Male,91
736,Gualterio,Gonet,ggonetkf@shinystat.com,Male,42
737,Valli,Sowood,vsowoodkg@sitemeter.com,Female,95
738,Saunder,Dreghorn,sdreghornkh@vkontakte.ru,Male,17
739,Bear,Franzotto,bfranzottoki@123-reg.co.uk,Male,84
740,Belita,Drayn,bdraynkj@wikipedia.org,Female,12
741,Nollie,McCromley,nmccromleykk@paginegialle.it,Male,47
742,Frannie,Karpenya,fkarpenyakl@ca.gov,Female,5
743,Brana,Ealles,bealleskm@ask.com,Female,93
744,Gaspard,Beart,gbeartkn@i2i.jp,Male,98
745,Sapphira,Blabber,sblabberko@jigsy.com,Female,81
746,Othilie,Gieves,ogieveskp@archive.org,Female,78
747,Kesley,MacAlaster,kmacalasterkq@umn.edu,Female,93
748,Jordan,Faustin,jfaustinkr@yale.edu,Female,14
749,Sybilla,Weepers,sweepersks@ocn.ne.jp,Female,59
750,Inesita,Evert,ievertkt@fc2.com,Female,15
751,Leanor,Frandsen,lfrandsenku@archive.org,Female,43
752,Gusta,Isacsson,gisacssonkv@alexa.com,Female,96
753,Vick,Cartin,vcartinkw@cafepress.com,Male,89
754,Vitia,Simond,vsimondkx@typepad.com,Female,83
755,Kassandra,Pashenkov,kpashenkovky@odnoklassniki.ru,Female,21
756,Thomasin,Akeherst,takeherstkz@bravesites.com,Female,63
757,Candide,Coppens,ccoppensl0@phpbb.com,Female,6
758,Earle,Woodford,ewoodfordl1@de.vu,Male,63
759,Nelson,Kruschev,nkruschevl2@patch.com,Male,52
760,Athena,Gowans,agowansl3@acquirethisname.com,Female,77
761,Leigha,Franey,lfraneyl4@tripod.com,Female,79
762,Boycey,Arangy,barangyl5@facebook.com,Male,34
763,Luca,Ravenhill,lravenhilll6@latimes.com,Male,63
764,Franzen,Emmins,femminsl7@1und1.de,Male,33
765,Camile,Dubble,cdubblel8@fotki.com,Female,80
766,Mikey,Brewerton,mbrewertonl9@nymag.com,Male,21
767,Boot,Magog,bmagogla@uiuc.edu,Male,24
768,Cordy,Eastop,ceastoplb@washington.edu,Male,64
769,Kristan,Fawlo,kfawlolc@jalbum.net,Female,35
770,Marvin,De Luna,mdelunald@desdev.cn,Male,6
771,Mariam,Windsor,mwindsorle@last.fm,Female,13
772,Linnea,Horlock,lhorlocklf@1und1.de,Female,1
773,Larina,Keigher,lkeigherlg@examiner.com,Female,85
774,Clemmie,Arnecke,carneckelh@technorati.com,Male,62
775,Mackenzie,Thame,mthameli@gnu.org,Male,45
776,Verina,Clissett,vclissettlj@hhs.gov,Female,71
777,Jeniffer,Jarrett,jjarrettlk@quantcast.com,Female,69
778,Heindrick,Curr,hcurrll@g.co,Male,22
779,Stesha,Heliet,shelietlm@goo.gl,Female,26
780,Dougie,Rhyme,drhymeln@quantcast.com,Male,45
781,Alisa,Hannant,ahannantlo@cargocollective.com,Female,31
782,Sharyl,Grant,sgrantlp@usa.gov,Female,40
783,Caresa,Sherrum,csherrumlq@china.com.cn,Female,84
784,Ainsley,Hitzke,ahitzkelr@smh.com.au,Female,2
785,Melosa,Bartalot,mbartalotls@meetup.com,Female,58
786,Shell,Drawmer,sdrawmerlt@i2i.jp,Female,17
787,Bartram,Gault,bgaultlu@icio.us,Male,25
788,Isaiah,Stollsteiner,istollsteinerlv@csmonitor.com,Male,67
789,Prissie,Adamiak,padamiaklw@rakuten.co.jp,Female,64
790,Randall,Chappell,rchappelllx@google.com,Male,65
791,Gilbertina,Zmitruk,gzmitrukly@mediafire.com,Female,46
792,Aeriel,Spinley,aspinleylz@homestead.com,Female,47
793,Verina,Parysiak,vparysiakm0@t.co,Female,13
794,Patsy,Coulson,pcoulsonm1@php.net,Male,6
795,Neron,Torrejon,ntorrejonm2@reuters.com,Male,64
796,Kristopher,Nutman,knutmanm3@weather.com,Male,54
797,Emlen,Sapir,esapirm4@icio.us,Male,1
798,Corinna,Shelford,cshelfordm5@bloglines.com,Female,73
799,Lucho,Grimsell,lgrimsellm6@gravatar.com,Male,24
800,Kevan,Collumbine,kcollumbinem7@spotify.com,Male,99
801,Shamus,Weagener,sweagenerm8@infoseek.co.jp,Male,68
802,Blake,Pittham,bpitthamm9@taobao.com,Male,8
803,Ernest,Alker,ealkerma@i2i.jp,Male,77
804,Dino,Dooland,ddoolandmb@webnode.com,Male,47
805,Ilene,Purviss,ipurvissmc@samsung.com,Female,25
806,Felicdad,Squibbs,fsquibbsmd@house.gov,Female,89
807,Crichton,Speake,cspeakeme@harvard.edu,Male,92
808,Montague,Fitzmaurice,mfitzmauricemf@webmd.com,Male,4
809,Nanette,Astill,nastillmg@who.int,Female,67
810,Fedora,Girone,fgironemh@statcounter.com,Female,10
811,Claiborne,Satterly,csatterlymi@hatena.ne.jp,Male,44
812,Kylynn,Lansley,klansleymj@digg.com,Female,83
813,Rebekkah,Whelband,rwhelbandmk@opera.com,Female,59
814,Lauren,Verey,lvereyml@comsenz.com,Male,64
815,Claybourne,Warwicker,cwarwickermm@guardian.co.uk,Male,59
816,Dre,Brigman,dbrigmanmn@economist.com,Female,92
817,Rozina,Trymme,rtrymmemo@free.fr,Female,82
818,Elka,Keoghane,ekeoghanemp@redcross.org,Female,60
819,Adi,Fife,afifemq@webeden.co.uk,Female,99
820,Elwin,Fenimore,efenimoremr@diigo.com,Male,87
821,Everett,Maling,emalingms@upenn.edu,Male,84
822,Trix,Redmond,tredmondmt@wordpress.org,Female,6
823,Larry,Stickells,lstickellsmu@angelfire.com,Male,27
824,Ferd,Wallas,fwallasmv@dedecms.com,Male,85
825,Tamarra,Clemes,tclemesmw@parallels.com,Female,52
826,Baldwin,Zieme,bziememx@symantec.com,Male,26
827,Fredelia,Chesterman,fchestermanmy@bbb.org,Female,45
828,Tandie,O'Haire,tohairemz@phoca.cz,Female,10
829,Jule,McKniely,jmcknielyn0@usda.gov,Male,56
830,Jerri,Whitfeld,jwhitfeldn1@wikia.com,Male,53
831,Griz,Tabary,gtabaryn2@mtv.com,Male,2
832,Jennifer,Barrett,jbarrettn3@edublogs.org,Female,94
833,Earvin,Cheetam,echeetamn4@elegantthemes.com,Male,56
834,Malvin,Mannock,mmannockn5@about.me,Male,30
835,Orren,Banke,obanken6@examiner.com,Male,86
836,Chandler,Milburne,cmilburnen7@flickr.com,Male,47
837,Susann,Godspeede,sgodspeeden8@stanford.edu,Female,84
838,Evyn,Ubsdale,eubsdalen9@amazon.co.uk,Male,61
839,Krystle,Dowthwaite,kdowthwaitena@google.fr,Female,43
840,Cornelia,Causier,ccausiernb@twitpic.com,Female,40
841,Irvine,Eddisforth,ieddisforthnc@jiathis.com,Male,68
842,Luciano,Dablin,ldablinnd@elpais.com,Male,3
843,Harriet,Moss,hmossne@loc.gov,Female,30
844,Heather,Cowherd,hcowherdnf@bloglovin.com,Female,77
845,Jaime,Josephov,jjosephovng@usgs.gov,Female,89
846,Sayres,O' Neligan,soneligannh@npr.org,Male,16
847,Georgine,Freeman,gfreemanni@quantcast.com,Female,14
848,Eadmund,Gert,egertnj@tripod.com,Male,95
849,Hervey,Huffa,hhuffank@apple.com,Male,67
850,Parsifal,Bleeze,pbleezenl@tiny.cc,Male,52
851,Daisi,Kubu,dkubunm@about.com,Female,98
852,Katharina,Le Brun,klebrunnn@mayoclinic.com,Female,45
853,Val,Gammons,vgammonsno@imageshack.us,Female,45
854,Barr,Skirvin,bskirvinnp@wisc.edu,Male,11
855,Miltie,Riglar,mriglarnq@zimbio.com,Male,92
856,Nadya,Parnell,nparnellnr@merriam-webster.com,Female,83
857,Russell,Nevins,rnevinsns@hostgator.com,Male,81
858,Maire,Klewi,mklewint@ycombinator.com,Female,43
859,Vania,McNirlan,vmcnirlannu@google.ca,Female,15
860,Gavin,Asbrey,gasbreynv@youtu.be,Male,88
861,Frazier,O'Gavin,fogavinnw@friendfeed.com,Male,38
862,Salim,Silvester,ssilvesternx@ca.gov,Male,72
863,Bartholomew,Meale,bmealeny@alexa.com,Male,98
864,Stanislaus,Winwood,swinwoodnz@privacy.gov.au,Male,28
865,Hobie,Kite,hkiteo0@hc360.com,Male,39
866,Zack,Dybald,zdybaldo1@meetup.com,Male,2
867,Jordanna,Dowling,jdowlingo2@quantcast.com,Female,58
868,Ashla,Skinner,askinnero3@bizjournals.com,Female,2
869,Norman,Kenway,nkenwayo4@eventbrite.com,Male,41
870,Padget,Goracci,pgoraccio5@cocolog-nifty.com,Male,28
871,Wiley,Dominy,wdominyo6@reddit.com,Male,1
872,Dulce,McCallister,dmccallistero7@aboutads.info,Female,6
873,Alvan,Makepeace,amakepeaceo8@eepurl.com,Male,49
874,Wilbert,Dockrey,wdockreyo9@foxnews.com,Male,50
875,Jada,Tunnick,jtunnickoa@yelp.com,Female,32
876,Leann,Jankin,ljankinob@soup.io,Female,22
877,Mandi,Tennet,mtennetoc@alibaba.com,Female,8
878,Maire,Clowney,mclowneyod@bluehost.com,Female,21
879,Selia,McMenamy,smcmenamyoe@sohu.com,Female,10
880,Ford,Wrotham,fwrothamof@webs.com,Male,69
881,Kimball,Ayliff,kayliffog@rambler.ru,Male,78
882,Eal,Henric,ehenricoh@pcworld.com,Male,44
883,Marie-jeanne,Cirlos,mcirlosoi@tuttocitta.it,Female,34
884,Jameson,Carslake,jcarslakeoj@nydailynews.com,Male,68
885,Rianon,Scriven,rscrivenok@amazon.com,Female,25
886,Nathanial,Killshaw,nkillshawol@europa.eu,Male,92
887,Dacie,Bakesef,dbakesefom@freewebs.com,Female,84
888,Arny,Sarten,asartenon@1688.com,Male,66
889,Marion,Windaybank,mwindaybankoo@i2i.jp,Male,37
890,Jacky,Shirtliff,jshirtliffop@npr.org,Male,34
891,Gratia,Ert,gertoq@bravesites.com,Female,94
892,Conn,Piatto,cpiattoor@tinyurl.com,Male,49
893,Morse,Dunn,mdunnos@github.io,Male,69
894,Pauline,Eady,peadyot@discuz.net,Female,30
895,Helen-elizabeth,Vernay,hvernayou@ucla.edu,Female,40
896,Roslyn,Addinall,raddinallov@usnews.com,Female,48
897,Kaja,Meece,kmeeceow@marketwatch.com,Female,21
898,Issiah,Eskrigg,ieskriggox@noaa.gov,Male,99
899,Dennet,Wankel,dwankeloy@answers.com,Male,33
900,Malva,Nash,mnashoz@google.nl,Female,3
901,Eda,Sherme,eshermep0@state.tx.us,Female,49
902,Spike,Dewdney,sdewdneyp1@webnode.com,Male,34
903,Katya,Hounsome,khounsomep2@loc.gov,Female,97
904,Miguelita,Alfonsini,malfonsinip3@loc.gov,Female,54
905,Berke,Romayne,bromaynep4@a8.net,Male,41
906,Web,Huskinson,whuskinsonp5@tiny.cc,Male,28
907,Chelsea,Yegorev,cyegorevp6@baidu.com,Female,52
908,Orlan,Antonucci,oantonuccip7@google.com.br,Male,11
909,Zack,Prando,zprandop8@opensource.org,Male,25
910,Roderigo,Copyn,rcopynp9@webeden.co.uk,Male,62
911,Fanchon,Itskovitz,fitskovitzpa@moonfruit.com,Female,28
912,Silvain,Pirie,spiriepb@mac.com,Male,4
913,Edgar,Aymes,eaymespc@mapy.cz,Male,94
914,Stanislaw,Clear,sclearpd@elegantthemes.com,Male,46
915,Gusta,Girdlestone,ggirdlestonepe@cornell.edu,Female,2
916,Hurley,Frie,hfriepf@vimeo.com,Male,27
917,Olav,Venes,ovenespg@com.com,Male,15
918,Sheila-kathryn,Mateo,smateoph@washingtonpost.com,Female,8
919,Xena,Yarnley,xyarnleypi@edublogs.org,Female,96
920,Rodrigo,Thomassen,rthomassenpj@blogtalkradio.com,Male,69
921,Krystle,Chiddy,kchiddypk@qq.com,Female,3
922,Gladys,O'Dyvoy,godyvoypl@japanpost.jp,Female,35
923,Herold,Swaysland,hswayslandpm@auda.org.au,Male,4
924,Ewen,Hulls,ehullspn@opensource.org,Male,95
925,Wang,Tinklin,wtinklinpo@jimdo.com,Male,37
926,Engelbert,McMyler,emcmylerpp@dmoz.org,Male,18
927,Kristofer,Hastelow,khastelowpq@smugmug.com,Male,44
928,Stuart,Mangam,smangampr@biglobe.ne.jp,Male,68
929,Germana,Wilcher,gwilcherps@elegantthemes.com,Female,25
930,Graeme,Pidgeley,gpidgeleypt@sogou.com,Male,58
931,Charles,Jeary,cjearypu@people.com.cn,Male,57
932,Mercedes,Lemmers,mlemmerspv@dedecms.com,Female,73
933,Nickolas,Dowthwaite,ndowthwaitepw@diigo.com,Male,15
934,Quill,Daniau,qdaniaupx@github.io,Male,1
935,Edna,Heller,ehellerpy@furl.net,Female,61
936,Leandra,Ivic,livicpz@vkontakte.ru,Female,72
937,Chaddy,Spaducci,cspaducciq0@free.fr,Male,46
938,Ring,Bradock,rbradockq1@gizmodo.com,Male,57
939,Wolfie,Nayer,wnayerq2@msn.com,Male,47
940,Marta,Muehle,mmuehleq3@vistaprint.com,Female,52
941,Martino,Paintain,mpaintainq4@diigo.com,Male,45
942,Odey,Oxshott,ooxshottq5@imageshack.us,Male,26
943,Sheba,Pelos,spelosq6@wisc.edu,Female,21
944,Dougy,Rawcliffe,drawcliffeq7@flickr.com,Male,61
945,George,Barwis,gbarwisq8@pagesperso-orange.fr,Female,17
946,Clari,Prati,cpratiq9@nih.gov,Female,50
947,Sherwin,Buchan,sbuchanqa@drupal.org,Male,64
948,Ginnifer,Kettoe,gkettoeqb@uol.com.br,Female,99
949,Garrett,Kirk,gkirkqc@uiuc.edu,Male,38
950,Retha,Janman,rjanmanqd@ameblo.jp,Female,40
951,Janos,Winyard,jwinyardqe@google.nl,Male,94
952,Tania,Nathan,tnathanqf@i2i.jp,Female,27
953,Denney,De Gowe,ddegoweqg@nhs.uk,Male,78
954,Giffer,Patington,gpatingtonqh@ning.com,Male,83
955,Mano,Harriss,mharrissqi@ucsd.edu,Male,65
956,Maxwell,Whitnall,mwhitnallqj@buzzfeed.com,Male,88
957,Lib,Coulsen,lcoulsenqk@shinystat.com,Female,48
958,Lily,Leaney,lleaneyql@yelp.com,Female,27
959,Corene,Powner,cpownerqm@eventbrite.com,Female,61
960,Gawen,Karran,gkarranqn@businessinsider.com,Male,70
961,Georgette,Daniello,gdanielloqo@eepurl.com,Female,29
962,Webb,Gawen,wgawenqp@freewebs.com,Male,23
963,Ray,Tampling,rtamplingqq@state.tx.us,Female,27
964,Ardelia,Sloss,aslossqr@a8.net,Female,25
965,Christel,Nears,cnearsqs@japanpost.jp,Female,88
966,Brinna,Ratcliff,bratcliffqt@harvard.edu,Female,11
967,Clayton,Bendell,cbendellqu@about.me,Male,35
968,Berni,Josse,bjosseqv@vkontakte.ru,Female,21
969,Zach,Carberry,zcarberryqw@ezinearticles.com,Male,92
970,Shermie,Turney,sturneyqx@cnn.com,Male,78
971,Mozes,Morritt,mmorrittqy@unesco.org,Male,14
972,Revkah,Tuffs,rtuffsqz@alexa.com,Female,86
973,Kerri,McCague,kmccaguer0@timesonline.co.uk,Female,41
974,Mersey,Howatt,mhowattr1@behance.net,Female,89
975,Kip,Dugmore,kdugmorer2@mysql.com,Male,57
976,Jarad,Ruffell,jruffellr3@npr.org,Male,96
977,Nikos,Jacqueminot,njacqueminotr4@oaic.gov.au,Male,91
978,Ainsley,Dorrington,adorringtonr5@uol.com.br,Female,13
979,Alasdair,Chittey,achitteyr6@sohu.com,Male,29
980,Odetta,Heiton,oheitonr7@netlog.com,Female,38
981,Sharyl,Buttriss,sbuttrissr8@lycos.com,Female,89
982,Noelle,Domleo,ndomleor9@phoca.cz,Female,88
983,Howard,Patrick,hpatrickra@macromedia.com,Male,68
984,Thom,Spragg,tspraggrb@wordpress.org,Male,52
985,Nonie,Goodfield,ngoodfieldrc@weather.com,Female,30
986,Antoinette,MacCambridge,amaccambridgerd@house.gov,Female,11
987,Cicily,Kemish,ckemishre@dedecms.com,Female,66
988,Denver,Puddicombe,dpuddicomberf@digg.com,Male,10
989,Walther,Leatt,wleattrg@howstuffworks.com,Male,87
990,Skyler,Learmond,slearmondrh@dion.ne.jp,Male,68
991,Bella,Argontt,bargonttri@ow.ly,Female,46
992,Maurizia,Crosskell,mcrosskellrj@nydailynews.com,Female,61
993,Thornie,Grabban,tgrabbanrk@about.com,Male,13
994,Edy,Rahl,erahlrl@hud.gov,Female,51
995,Phillie,Baldwin,pbaldwinrm@cnbc.com,Female,47
996,Lin,Cruise,lcruisern@goo.ne.jp,Male,79
997,Hendrika,Dibdale,hdibdalero@apache.org,Female,86
998,Deeann,Petrik,dpetrikrp@china.com.cn,Female,8
999,Laughton,Ghent,lghentrq@psu.edu,Male,77
1000,Ruthi,Pollastrino,rpollastrinorr@wiley.com,Female,90
